Spedalsø Torv 1, 8700 Horsens;;
Dytmærsken 1A, 8900 Randers C;;
Nåbyvej 1, Nåby, 4160 Herlufmagle;;
Høfden 1, Venø, 7600 Struer;;
Bådvej 1, 5240 Odense NØ;;
Egå Engvej 1, 8250 Egå;;
Hangargaden 1, 2770 Kastrup;;
Gåsesti 2, 9990 Skagen;;
Ådiget 1, 2610 Rødovre;;
Dadevej 6, Sandby, 4171 Glumsø;;
Bæk 4, 4720 Præstø;;
Zebravej 1, 8960 Randers SØ;8960;Randers SØ
Fadet 2, 1799 København V;1799;København V
Tubæk Møllevej 5, 4720 Præstø;;
Bæk 4, 4720 Præstø;;
Nupark 21, Måbjerg, 7500 Holstebro;7500;Holstebro
Vesbjergvej 2, Ørderup, 6520 Toftlund;6520;Toftlund
Ulbækhusvej 4, 7120 Vejle Øst;7120;Vejle Øst
Stenbjerg Parken 1, Stenbjerg, 7752 Snedsted;7752;Snedsted
Zeltnersvej 1, 8600 Silkeborg;8600;Silkeborg
Uffesvej 1, 3000 Helsingør;3000;Helsingør
Skudehandlervej 2, Thorupstrand, 9690 Fjerritslev;9690;Fjerritslev
Myrkærvej 1A, 6392 Bolderslev;6392;Bolderslev
Ove Krarupsvej 1, 6990 Ulfborg;6990;Ulfborg
Slap-a-vej 2, 3600 Frederikssund;3600;Frederikssund
Våesvej 1A, Vilslev, 6771 Gredstedbro;6771;Gredstedbro
Eickstedtlund 2, Kindertofte, 4200 Slagelse;4200;Slagelse
Eickstedtlund 2, Kindertofte, 4200 Slagelse;4200;Slagelse
Dadevej 6, Sandby, 4171 Glumsø;4171;Glumsø
Maden 3, Hasle, 8210 Aarhus V;8210;Aarhus V
Nyvej 10, 7100 Vejle;7100;Vejle;https://dawa.aws.dk/adresser/0a3f50bc-dfed-32b8-e044-0003ba298018;0a3f50bc-dfed-32b8-e044-0003ba298018
Pi 1, Søften, 8382 Hinnerup;8382;Hinnerup;https://dawa.aws.dk/adgangsadresser/0a3f5093-e5e5-32b8-e044-0003ba298018;0a3f5093-e5e5-32b8-e044-0003ba298018
H-Vej 1, 2300 København S;2300;København S;https://dawa.aws.dk/adgangsadresser/77b3c033-ef54-4adc-9eac-3f44fecba65a;77b3c033-ef54-4adc-9eac-3f44fecba65a
Duettevej 1, 8400 Ebeltoft;8400;Ebeltoft;https://dawa.aws.dk/adgangsadresser/0a3f5093-2c8c-32b8-e044-0003ba298018;0a3f5093-2c8c-32b8-e044-0003ba298018
Vang 10, Vang, 3790 Hasle;3790;Hasle;https://dawa.aws.dk/adresser/0a3f50b2-3658-32b8-e044-0003ba298018;0a3f50b2-3658-32b8-e044-0003ba298018
Ågabet 1, Vesteregnen, 5935 Bagenkop;5935;Bagenkop;https://dawa.aws.dk/adgangsadresser/6198d904-293c-41f6-82d5-5167539a5e28;6198d904-293c-41f6-82d5-5167539a5e28
Jafdalvej 1, 6853 Vejers Strand;6853;Vejers Strand;https://dawa.aws.dk/adgangsadresser/0a3f508d-3252-32b8-e044-0003ba298018;0a3f508d-3252-32b8-e044-0003ba298018
Habitvej 2, 8920 Randers NV;8920;Randers NV;https://dawa.aws.dk/adgangsadresser/4f78d447-9d34-4751-8b2f-12b8e4830897;4f78d447-9d34-4751-8b2f-12b8e4830897
Nykobbelvej 1, Skovsø, 4200 Slagelse;4200;Slagelse;https://dawa.aws.dk/adgangsadresser/0a3f5084-5ceb-32b8-e044-0003ba298018;0a3f5084-5ceb-32b8-e044-0003ba298018
Ædjavejen 1, Pedersker, 3720 Aakirkeby;3720;Aakirkeby;https://dawa.aws.dk/adgangsadresser/0a3f5087-b6b5-32b8-e044-0003ba298018;0a3f5087-b6b5-32b8-e044-0003ba298018
Anyvej 2, 3500 Værløse;3500;Værløse;https://dawa.aws.dk/adgangsadresser/0a3f507e-2b86-32b8-e044-0003ba298018;0a3f507e-2b86-32b8-e044-0003ba298018
Odden 1, Snogebæk, 3730 Nexø;3730;Nexø;https://dawa.aws.dk/adgangsadresser/0a3f5087-8c78-32b8-e044-0003ba298018;0a3f5087-8c78-32b8-e044-0003ba298018
Ordrup Have 3, 2920 Charlottenlund;2920;Charlottenlund;https://dawa.aws.dk/adgangsadresser/0a3f507b-f712-32b8-e044-0003ba298018;0a3f507b-f712-32b8-e044-0003ba298018
U-Vej 1, 2300 København S;2300;København S;https://dawa.aws.dk/adgangsadresser/c800a783-de7e-4595-8d15-d02a8c6f8ce5;c800a783-de7e-4595-8d15-d02a8c6f8ce5
Bøghave 1, Nr Ørslev, 4800 Nykøbing F;4800;Nykøbing F;https://dawa.aws.dk/adgangsadresser/ad2cb1ab-6b06-4962-9a59-696dafad754a;ad2cb1ab-6b06-4962-9a59-696dafad754a
Åen 140, 9000 Aalborg;9000;Aalborg;https://dawa.aws.dk/adresser/14a45cef-b1ef-4951-80b3-4d71e53ff58b;14a45cef-b1ef-4951-80b3-4d71e53ff58b
Bognæsvej 20, Herslev, 4000 Roskilde;4000;Roskilde;https://dawa.aws.dk/adresser/0a3f50ab-a34a-32b8-e044-0003ba298018;0a3f50ab-a34a-32b8-e044-0003ba298018
Gabet 1, Lønstrup, 9800 Hjørring;9800;Hjørring;https://dawa.aws.dk/adgangsadresser/0a3f509a-6f5e-32b8-e044-0003ba298018;0a3f509a-6f5e-32b8-e044-0003ba298018
Dadevej 6, Sandby, 4171 Glumsø;4171;Glumsø;https://dawa.aws.dk/adgangsadresser/0a3f5086-ed31-32b8-e044-0003ba298018;0a3f5086-ed31-32b8-e044-0003ba298018
Buen 5, 2000 Frederiksberg;2000;Frederiksberg;https://dawa.aws.dk/adgangsadresser/0a3f507b-41b7-32b8-e044-0003ba298018;0a3f507b-41b7-32b8-e044-0003ba298018
Høgevej 10A, 6600 Vejen;6600;Vejen;https://dawa.aws.dk/adresser/0a3f50ba-1250-32b8-e044-0003ba298018;0a3f50ba-1250-32b8-e044-0003ba298018
Gaaen 6, Faarup, 9493 Saltum;9493;Saltum;https://dawa.aws.dk/adgangsadresser/0a3f509b-3198-32b8-e044-0003ba298018;0a3f509b-3198-32b8-e044-0003ba298018
Kærly 1, 8940 Randers SV;8940;Randers SV;https://dawa.aws.dk/adgangsadresser/0a3f5094-b954-32b8-e044-0003ba298018;0a3f5094-b954-32b8-e044-0003ba298018
Tærø 1, 4772 Langebæk;4772;Langebæk;https://dawa.aws.dk/adresser/0a3f50af-beaf-32b8-e044-0003ba298018;0a3f50af-beaf-32b8-e044-0003ba298018
Egåvej 1, Voldum, 8370 Hadsten;8370;Hadsten;https://dawa.aws.dk/adgangsadresser/0a3f5093-b339-32b8-e044-0003ba298018;0a3f5093-b339-32b8-e044-0003ba298018
Maden 3, Hasle, 8210 Aarhus V;8210;Aarhus V;https://dawa.aws.dk/adgangsadresser/0a3f5096-8e9d-32b8-e044-0003ba298018;0a3f5096-8e9d-32b8-e044-0003ba298018
Bækskov 1, 5290 Marslev;5290;Marslev;https://dawa.aws.dk/adgangsadresser/0a3f5088-7af6-32b8-e044-0003ba298018;0a3f5088-7af6-32b8-e044-0003ba298018
Sjunkebyvej 1, 4900 Nakskov;4900;Nakskov;https://dawa.aws.dk/adgangsadresser/0a3f5086-8d94-32b8-e044-0003ba298018;0a3f5086-8d94-32b8-e044-0003ba298018
V/Buen 2, 6640 Lunderskov;6640;Lunderskov;https://dawa.aws.dk/adgangsadresser/0a3f5090-6cbe-32b8-e044-0003ba298018;0a3f5090-6cbe-32b8-e044-0003ba298018
Atkærvænget 1, 4261 Dalmose;4261;Dalmose;https://dawa.aws.dk/adgangsadresser/0a3f5082-f391-32b8-e044-0003ba298018;0a3f5082-f391-32b8-e044-0003ba298018
Øbakkevej 1, Ledøje, 2765 Smørum;2765;Smørum;https://dawa.aws.dk/adgangsadresser/0a3f507d-275a-32b8-e044-0003ba298018;0a3f507d-275a-32b8-e044-0003ba298018
Cumberlandsgade 1, 2300 København S;2300;København S;https://dawa.aws.dk/adgangsadresser/0a3f507a-595c-32b8-e044-0003ba298018;0a3f507a-595c-32b8-e044-0003ba298018
Kile 7, 5471 Søndersø;5471;Søndersø;https://dawa.aws.dk/adgangsadresser/0a3f508a-ac0f-32b8-e044-0003ba298018;0a3f508a-ac0f-32b8-e044-0003ba298018
Idunsalle 2, 4500 Nykøbing Sj;4500;Nykøbing Sj;https://dawa.aws.dk/adgangsadresser/0a3f5083-d65f-32b8-e044-0003ba298018;0a3f5083-d65f-32b8-e044-0003ba298018
Bådebrogade 1, 6700 Esbjerg;6700;Esbjerg;https://dawa.aws.dk/adgangsadresser/0a3f508d-6f07-32b8-e044-0003ba298018;0a3f508d-6f07-32b8-e044-0003ba298018
Kædevænget 1, 6500 Vojens;6500;Vojens;https://dawa.aws.dk/adgangsadresser/0a3f508c-c49e-32b8-e044-0003ba298018;0a3f508c-c49e-32b8-e044-0003ba298018
Jacobsvej 2, 3310 Ølsted;3310;Ølsted;https://dawa.aws.dk/adgangsadresser/0a3f507e-f5c1-32b8-e044-0003ba298018;0a3f507e-f5c1-32b8-e044-0003ba298018
Kampen 2, Rinkenæs, 6300 Gråsten;6300;Gråsten;https://dawa.aws.dk/adgangsadresser/0a3f508b-797f-32b8-e044-0003ba298018;0a3f508b-797f-32b8-e044-0003ba298018
Jutevej 2, 3300 Frederiksværk;3300;Frederiksværk;https://dawa.aws.dk/adgangsadresser/0a3f507e-f64b-32b8-e044-0003ba298018;0a3f507e-f64b-32b8-e044-0003ba298018
Vigø 1, 5642 Millinge;5642;Millinge;https://dawa.aws.dk/adresser/0a3f50b2-bf6a-32b8-e044-0003ba298018;0a3f50b2-bf6a-32b8-e044-0003ba298018
Ådalen 1, 4600 Køge;4600;Køge;https://dawa.aws.dk/adgangsadresser/0a3f5081-bb4c-32b8-e044-0003ba298018;0a3f5081-bb4c-32b8-e044-0003ba298018
Indfaldet 1, 4000 Roskilde;4000;Roskilde;https://dawa.aws.dk/adgangsadresser/2e5eefde-91ee-4e78-972f-71076cb0928e;2e5eefde-91ee-4e78-972f-71076cb0928e
Idyl 2, Tved, 6000 Kolding;6000;Kolding;https://dawa.aws.dk/adgangsadresser/0a3f5090-34fc-32b8-e044-0003ba298018;0a3f5090-34fc-32b8-e044-0003ba298018
Aaspe 1, 6261 Bredebro;6261;Bredebro;https://dawa.aws.dk/adgangsadresser/0a3f508b-3e1c-32b8-e044-0003ba298018;0a3f508b-3e1c-32b8-e044-0003ba298018
Pi 1, Søften, 8382 Hinnerup;8382;Hinnerup;https://dawa.aws.dk/adgangsadresser/0a3f5093-e5e5-32b8-e044-0003ba298018;0a3f5093-e5e5-32b8-e044-0003ba298018
Egholm 1, Huseby, 3200 Helsinge;3200;Helsinge;https://dawa.aws.dk/adresser/0a3f50a8-f12e-32b8-e044-0003ba298018;0a3f50a8-f12e-32b8-e044-0003ba298018
Nåbyvej 1, Nåby, 4160 Herlufmagle;4160;Herlufmagle;https://dawa.aws.dk/adgangsadresser/0a3f5086-f28e-32b8-e044-0003ba298018;0a3f5086-f28e-32b8-e044-0003ba298018
Zambiavej 3T, 2770 Kastrup;2770;Kastrup;https://dawa.aws.dk/adgangsadresser/6bd46a49-e0e4-71a9-e044-00144f3ead67;6bd46a49-e0e4-71a9-e044-00144f3ead67
Gænget 1, Sandvig, 3770 Allinge;3770;Allinge;https://dawa.aws.dk/adresser/0a3f50b1-ec8b-32b8-e044-0003ba298018;0a3f50b1-ec8b-32b8-e044-0003ba298018
Raden 1, Råbylille, 4780 Stege;4780;Stege;https://dawa.aws.dk/adgangsadresser/0a3f5085-96c4-32b8-e044-0003ba298018;0a3f5085-96c4-32b8-e044-0003ba298018
Egen 10, Svogerslev, 4000 Roskilde;4000;Roskilde;https://dawa.aws.dk/adresser/0a3f50ab-d086-32b8-e044-0003ba298018;0a3f50ab-d086-32b8-e044-0003ba298018
Bybjærg 3, 4370 Store Merløse;4370;Store Merløse;https://dawa.aws.dk/adgangsadresser/0a3f5085-031b-32b8-e044-0003ba298018;0a3f5085-031b-32b8-e044-0003ba298018
Åbjerg 2, Gevninge, 4000 Roskilde;4000;Roskilde;https://dawa.aws.dk/adgangsadresser/16bed59f-979f-1efc-e044-0003ba298018;16bed59f-979f-1efc-e044-0003ba298018
Ålykke 1, 9000 Aalborg;9000;Aalborg;https://dawa.aws.dk/adgangsadresser/5ba710e3-e5a8-5980-e044-0003ba298018;5ba710e3-e5a8-5980-e044-0003ba298018
Halden 1, 7700 Thisted;7700;Thisted;https://dawa.aws.dk/adgangsadresser/43e9c21d-525e-40dd-b455-01570278d87b;43e9c21d-525e-40dd-b455-01570278d87b
Frem 3, 2800 Kongens Lyngby;2800;Kongens Lyngby;https://dawa.aws.dk/adgangsadresser/0a3f507d-4698-32b8-e044-0003ba298018;0a3f507d-4698-32b8-e044-0003ba298018
Ojbakvej 1, Vorupør, 7700 Thisted;7700;Thisted;https://dawa.aws.dk/adgangsadresser/0a3f5098-9268-32b8-e044-0003ba298018;0a3f5098-9268-32b8-e044-0003ba298018
Labæk 2, 4300 Holbæk;4300;Holbæk;https://dawa.aws.dk/adgangsadresser/0a3f5083-36dd-32b8-e044-0003ba298018;0a3f5083-36dd-32b8-e044-0003ba298018
Beta 1, 6893 Hemmet;6893;Hemmet;https://dawa.aws.dk/adgangsadresser/0a3f5091-2ff4-32b8-e044-0003ba298018;0a3f5091-2ff4-32b8-e044-0003ba298018
Ubberup Mark 1, 4400 Kalundborg;4400;Kalundborg;https://dawa.aws.dk/adgangsadresser/0a3f5083-a1c2-32b8-e044-0003ba298018;0a3f5083-a1c2-32b8-e044-0003ba298018
Æ-Drøwt 1, Vridsted, 7800 Skive;7800;Skive;https://dawa.aws.dk/adgangsadresser/0a3f5097-5dcb-32b8-e044-0003ba298018;0a3f5097-5dcb-32b8-e044-0003ba298018
Omøgade 1, 2100 København Ø;2100;København Ø;https://dawa.aws.dk/adgangsadresser/0a3f507a-d4e6-32b8-e044-0003ba298018;0a3f507a-d4e6-32b8-e044-0003ba298018
Fuglagervej 2, 2720 Vanløse;2720;Vanløse;https://dawa.aws.dk/adgangsadresser/0a3f507a-73d3-32b8-e044-0003ba298018;0a3f507a-73d3-32b8-e044-0003ba298018
Fjølners Toft 3, 6100 Haderslev;6100;Haderslev;https://dawa.aws.dk/adgangsadresser/f20ed2c5-6712-4d50-9e5c-adbe744b8d8d;f20ed2c5-6712-4d50-9e5c-adbe744b8d8d
Raden 1, Råbylille, 4780 Stege;4780;Stege;https://dawa.aws.dk/adgangsadresser/0a3f5085-96c4-32b8-e044-0003ba298018;0a3f5085-96c4-32b8-e044-0003ba298018
Nyby Klitvej 2, Rindby Strand, 6720 Fanø;6720;Fanø;https://dawa.aws.dk/adgangsadresser/0a3f508d-e24f-32b8-e044-0003ba298018;0a3f508d-e24f-32b8-e044-0003ba298018
Labæk 2, 4300 Holbæk;4300;Holbæk;https://dawa.aws.dk/adgangsadresser/0a3f5083-36dd-32b8-e044-0003ba298018;0a3f5083-36dd-32b8-e044-0003ba298018
H.C.Vej 4, Venslev, 4050 Skibby;4050;Skibby;https://dawa.aws.dk/adgangsadresser/0a3f5080-9f92-32b8-e044-0003ba298018;0a3f5080-9f92-32b8-e044-0003ba298018
Siø 2, Siø, 5900 Rudkøbing;5900;Rudkøbing;https://dawa.aws.dk/adgangsadresser/0a3f508a-cfd7-32b8-e044-0003ba298018;0a3f508a-cfd7-32b8-e044-0003ba298018
Bank-Mikkelsens Vej 1, 2820 Gentofte;2820;Gentofte;https://dawa.aws.dk/adgangsadresser/0a3f507b-ce87-32b8-e044-0003ba298018;0a3f507b-ce87-32b8-e044-0003ba298018
Alfa 1, 6893 Hemmet;6893;Hemmet;https://dawa.aws.dk/adgangsadresser/0a3f5091-2fa7-32b8-e044-0003ba298018;0a3f5091-2fa7-32b8-e044-0003ba298018
Sildegade 3, Hanstholm, 7730 Hanstholm;7730;Hanstholm;https://dawa.aws.dk/adresser/9ffddf70-4cf7-4b0f-a33b-e2f32dfac755;9ffddf70-4cf7-4b0f-a33b-e2f32dfac755
Raden 1, Råbylille, 4780 Stege;4780;Stege;https://dawa.aws.dk/adgangsadresser/0a3f5085-96c4-32b8-e044-0003ba298018;0a3f5085-96c4-32b8-e044-0003ba298018
Janumvej 1, 9460 Brovst;9460;Brovst;https://dawa.aws.dk/adgangsadresser/0a3f5099-2aae-32b8-e044-0003ba298018;0a3f5099-2aae-32b8-e044-0003ba298018
Æbeløgade 3, 5400 Bogense;5400;Bogense;https://dawa.aws.dk/adresser/0a3f50b2-674b-32b8-e044-0003ba298018;0a3f50b2-674b-32b8-e044-0003ba298018
Pukkelvej 1, 8400 Ebeltoft;8400;Ebeltoft;https://dawa.aws.dk/adgangsadresser/0a3f5093-4f35-32b8-e044-0003ba298018;0a3f5093-4f35-32b8-e044-0003ba298018
Bådvej 1, 5240 Odense NØ;5240;Odense NØ;https://dawa.aws.dk/adgangsadresser/0a3f5089-0dcc-32b8-e044-0003ba298018;0a3f5089-0dcc-32b8-e044-0003ba298018
Tærø 1, 4772 Langebæk;4772;Langebæk;https://dawa.aws.dk/adresser/0a3f50af-beaf-32b8-e044-0003ba298018;0a3f50af-beaf-32b8-e044-0003ba298018
O-Vej 1, 2300 København S;2300;København S;https://dawa.aws.dk/adgangsadresser/0c2be2d1-5d3a-4901-8a90-7c9c25c25b3b;0c2be2d1-5d3a-4901-8a90-7c9c25c25b3b
Wais 1, Stubbæk, 6200 Aabenraa;6200;Aabenraa;https://dawa.aws.dk/adgangsadresser/0a3f508c-fbff-32b8-e044-0003ba298018;0a3f508c-fbff-32b8-e044-0003ba298018
Y-Vej 4, 2300 København S;2300;København S;https://dawa.aws.dk/adgangsadresser/396c3f62-5f01-4dee-848d-8dd5d56aea64;396c3f62-5f01-4dee-848d-8dd5d56aea64
Orfeus Alle 2, 2650 Hvidovre;2650;Hvidovre;https://dawa.aws.dk/adgangsadresser/0a3f507c-d8fa-32b8-e044-0003ba298018;0a3f507c-d8fa-32b8-e044-0003ba298018
Jebs Vej 1, Pindesholm, 6440 Augustenborg;6440;Augustenborg;https://dawa.aws.dk/adgangsadresser/13c3cbaa-c60a-4d4e-93fb-da10e87ab8ce;13c3cbaa-c60a-4d4e-93fb-da10e87ab8ce
Æ-Drøwt 1, Vridsted, 7800 Skive;7800;Skive;https://dawa.aws.dk/adgangsadresser/0a3f5097-5dcb-32b8-e044-0003ba298018;0a3f5097-5dcb-32b8-e044-0003ba298018
Albanigade 2, 5000 Odense C;5000;Odense C;https://dawa.aws.dk/adgangsadresser/455fd1e4-6b59-476c-afa6-ad2f7b1af07b;455fd1e4-6b59-476c-afa6-ad2f7b1af07b
Sifs Plads 1, 2100 København Ø;2100;København Ø;https://dawa.aws.dk/adgangsadresser/bb9ca322-048a-4821-8a5a-eaf8f2d878c3;bb9ca322-048a-4821-8a5a-eaf8f2d878c3
Bogmose 2, Skovby, 5400 Bogense;5400;Bogense;https://dawa.aws.dk/adgangsadresser/0a3f5087-d38f-32b8-e044-0003ba298018;0a3f5087-d38f-32b8-e044-0003ba298018
Rho 1, Søften, 8382 Hinnerup;8382;Hinnerup;https://dawa.aws.dk/adgangsadresser/4ca54b0f-32c9-0052-e044-0003ba298018;4ca54b0f-32c9-0052-e044-0003ba298018
Øen 2, Vostrup, 6880 Tarm;6880;Tarm;https://dawa.aws.dk/adgangsadresser/0a3f5091-2a98-32b8-e044-0003ba298018;0a3f5091-2a98-32b8-e044-0003ba298018
Christian IV's Bro;;;https://dawa.aws.dk/vejnavne/Christian%20IV's%20Bro;
Natovej 1, Grove, 7540 Haderup;7540;Haderup;https://dawa.aws.dk/adgangsadresser/0a3f5091-0653-32b8-e044-0003ba298018;0a3f5091-0653-32b8-e044-0003ba298018
Åen 140, 9000 Aalborg;9000;Aalborg;https://dawa.aws.dk/adresser/14a45cef-b1ef-4951-80b3-4d71e53ff58b;14a45cef-b1ef-4951-80b3-4d71e53ff58b
Hans Kirks Vej 5, 2200 København N;2200;København N;https://dawa.aws.dk/adgangsadresser/0a3f507a-83f4-32b8-e044-0003ba298018;0a3f507a-83f4-32b8-e044-0003ba298018
Oren 1, Aarsdale, 3740 Svaneke;3740;Svaneke;https://dawa.aws.dk/adgangsadresser/0a3f5087-8ccd-32b8-e044-0003ba298018;0a3f5087-8ccd-32b8-e044-0003ba298018
Psyak 3, 1440 København K;1440;København K;https://dawa.aws.dk/adgangsadresser/0a3f507b-3a1e-32b8-e044-0003ba298018;0a3f507b-3a1e-32b8-e044-0003ba298018
Wæbersvej 1, 4000 Roskilde;4000;Roskilde;https://dawa.aws.dk/adresser/0a3f50ac-319d-32b8-e044-0003ba298018;0a3f50ac-319d-32b8-e044-0003ba298018
Ceciliavej 1, 9280 Storvorde;9280;Storvorde;https://dawa.aws.dk/adgangsadresser/0a3f509b-573b-32b8-e044-0003ba298018;0a3f509b-573b-32b8-e044-0003ba298018
Kølkær Hovedgade 2, Kølkær, 7400 Herning;7400;Herning;https://dawa.aws.dk/adgangsadresser/0a3f5091-63ca-32b8-e044-0003ba298018;0a3f5091-63ca-32b8-e044-0003ba298018
Bagå 1, Hasle, 3790 Hasle;3790;Hasle;https://dawa.aws.dk/adgangsadresser/0a3f5087-5417-32b8-e044-0003ba298018;0a3f5087-5417-32b8-e044-0003ba298018
Kidingvej 2A, Bovrup, 6200 Aabenraa;6200;Aabenraa;https://dawa.aws.dk/adgangsadresser/0a3f508b-c370-32b8-e044-0003ba298018;0a3f508b-c370-32b8-e044-0003ba298018
Ibsenvej 1, Hostrup, 7860 Spøttrup;7860;Spøttrup;https://dawa.aws.dk/adgangsadresser/4a4eddf7-9031-4052-a6cd-1d843d018a64;4a4eddf7-9031-4052-a6cd-1d843d018a64
Quintusvej 1, 9492 Blokhus;9492;Blokhus;https://dawa.aws.dk/adgangsadresser/0a3f509b-46aa-32b8-e044-0003ba298018;0a3f509b-46aa-32b8-e044-0003ba298018
Lodkrog 1A, Holme-Olstrup, 4684 Holmegaard;4684;Holmegaard;https://dawa.aws.dk/adgangsadresser/0a3f5085-4c8c-32b8-e044-0003ba298018;0a3f5085-4c8c-32b8-e044-0003ba298018
T.Øllgårds Vej 3, 6740 Bramming;6740;Bramming;https://dawa.aws.dk/adgangsadresser/0a3f508d-57ba-32b8-e044-0003ba298018;0a3f508d-57ba-32b8-e044-0003ba298018
Vangen 4, Nexø, 3730 Nexø;3730;Nexø;https://dawa.aws.dk/adgangsadresser/0a3f5087-b21a-32b8-e044-0003ba298018;0a3f5087-b21a-32b8-e044-0003ba298018
Egen 10, Svogerslev, 4000 Roskilde;4000;Roskilde;https://dawa.aws.dk/adresser/0a3f50ab-d086-32b8-e044-0003ba298018;0a3f50ab-d086-32b8-e044-0003ba298018
Dalkær 1, 2605 Brøndby;2605;Brøndby;https://dawa.aws.dk/adgangsadresser/0a3f507b-99d5-32b8-e044-0003ba298018;0a3f507b-99d5-32b8-e044-0003ba298018
Bladet 1, 9300 Sæby;9300;Sæby;https://dawa.aws.dk/adgangsadresser/0a3f509b-d59d-32b8-e044-0003ba298018;0a3f509b-d59d-32b8-e044-0003ba298018
Carl Blochs Gade 9, 8000 Aarhus C;8000;Aarhus C;https://dawa.aws.dk/adgangsadresser/0a3f5096-04ba-32b8-e044-0003ba298018;0a3f5096-04ba-32b8-e044-0003ba298018
K-Vej 1, 2300 København S;2300;København S;https://dawa.aws.dk/adgangsadresser/c85ab578-9cda-4c81-91f8-8ad3887bb6e0;c85ab578-9cda-4c81-91f8-8ad3887bb6e0
Hækken 10, Næsby Strand, 4200 Slagelse;4200;Slagelse;https://dawa.aws.dk/adresser/0a3f50ae-995d-32b8-e044-0003ba298018;0a3f50ae-995d-32b8-e044-0003ba298018
Damly 1, 9830 Tårs;9830;Tårs;https://dawa.aws.dk/adgangsadresser/0a3f509a-6776-32b8-e044-0003ba298018;0a3f509a-6776-32b8-e044-0003ba298018
Våesvej 1A, Vilslev, 6771 Gredstedbro;6771;Gredstedbro;https://dawa.aws.dk/adgangsadresser/0a3f508e-4cfc-32b8-e044-0003ba298018;0a3f508e-4cfc-32b8-e044-0003ba298018
Anna Anchers Vej 1, 3000 Helsingør;3000;Helsingør;https://dawa.aws.dk/adgangsadresser/0a3f507f-9473-32b8-e044-0003ba298018;0a3f507f-9473-32b8-e044-0003ba298018
Jacobsvej 1, Kaldred, 4593 Eskebjerg;4593;Eskebjerg;https://dawa.aws.dk/adgangsadresser/0a3f5082-7f88-32b8-e044-0003ba298018;0a3f5082-7f88-32b8-e044-0003ba298018
Ahlmannsgade 1, 2200 København N;2200;København N;https://dawa.aws.dk/adgangsadresser/0a3f507a-37d5-32b8-e044-0003ba298018;0a3f507a-37d5-32b8-e044-0003ba298018
Rågø 1, 4913 Horslunde;4913;Horslunde;https://dawa.aws.dk/adgangsadresser/0a3f5086-7b5c-32b8-e044-0003ba298018;0a3f5086-7b5c-32b8-e044-0003ba298018
Soldalen 1, Nakke, 4500 Nykøbing Sj;4500;Nykøbing Sj;https://dawa.aws.dk/adgangsadresser/0a3f5083-e695-32b8-e044-0003ba298018;0a3f5083-e695-32b8-e044-0003ba298018
Vår Skovvej 1, Farstrup, 9240 Nibe;9240;Nibe;https://dawa.aws.dk/adgangsadresser/0a3f509b-197f-32b8-e044-0003ba298018;0a3f509b-197f-32b8-e044-0003ba298018
Zeppelinvej 3, 6360 Tinglev;6360;Tinglev;https://dawa.aws.dk/adgangsadresser/0a3f508c-a132-32b8-e044-0003ba298018;0a3f508c-a132-32b8-e044-0003ba298018
My 1, Søften, 8382 Hinnerup;8382;Hinnerup;https://dawa.aws.dk/adgangsadresser/0a3f5093-e39d-32b8-e044-0003ba298018;0a3f5093-e39d-32b8-e044-0003ba298018
Tøgersvej 3, 3500 Værløse;3500;Værløse;https://dawa.aws.dk/adgangsadresser/0a3f507e-39b0-32b8-e044-0003ba298018;0a3f507e-39b0-32b8-e044-0003ba298018
Eddavej 1, Tarup, 5210 Odense NV;5210;Odense NV;https://dawa.aws.dk/adgangsadresser/0a3f5089-1c51-32b8-e044-0003ba298018;0a3f5089-1c51-32b8-e044-0003ba298018
Ankjær 101, 8300 Odder;8300;Odder;https://dawa.aws.dk/adgangsadresser/0a3f5094-5e55-32b8-e044-0003ba298018;0a3f5094-5e55-32b8-e044-0003ba298018
Fræervej 1A, Gl Skørping, 9520 Skørping;9520;Skørping;https://dawa.aws.dk/adgangsadresser/0a3f509b-aa68-32b8-e044-0003ba298018;0a3f509b-aa68-32b8-e044-0003ba298018
Åen 136, 9000 Aalborg;9000;Aalborg;https://dawa.aws.dk/adgangsadresser/1f289f18-963a-372c-e044-0003ba298018;1f289f18-963a-372c-e044-0003ba298018
Jebs Vej 1, Pindesholm, 6440 Augustenborg;6440;Augustenborg;https://dawa.aws.dk/adgangsadresser/13c3cbaa-c60a-4d4e-93fb-da10e87ab8ce;13c3cbaa-c60a-4d4e-93fb-da10e87ab8ce
Avbækvej 4, Avbæk, 6200 Aabenraa;6200;Aabenraa;https://dawa.aws.dk/adgangsadresser/0a3f508c-d6b8-32b8-e044-0003ba298018;0a3f508c-d6b8-32b8-e044-0003ba298018
Fæbyvej 5, 4760 Vordingborg;4760;Vordingborg;https://dawa.aws.dk/adgangsadresser/0a3f5087-2e80-32b8-e044-0003ba298018;0a3f5087-2e80-32b8-e044-0003ba298018
Helved 1, 6440 Augustenborg;6440;Augustenborg;https://dawa.aws.dk/adgangsadresser/0a3f508b-2056-32b8-e044-0003ba298018;0a3f508b-2056-32b8-e044-0003ba298018
Pi 1, Søften, 8382 Hinnerup;8382;Hinnerup;https://dawa.aws.dk/adgangsadresser/0a3f5093-e5e5-32b8-e044-0003ba298018;0a3f5093-e5e5-32b8-e044-0003ba298018
Øvej 2, 3550 Slangerup;3550;Slangerup;https://dawa.aws.dk/adgangsadresser/0a3f5080-c7c0-32b8-e044-0003ba298018;0a3f5080-c7c0-32b8-e044-0003ba298018
Sabrovej 2, 8471 Sabro;8471;Sabro;https://dawa.aws.dk/adgangsadresser/0a3f5096-cb1e-32b8-e044-0003ba298018;0a3f5096-cb1e-32b8-e044-0003ba298018
Nyby Klitvej 10, Rindby Strand, 6720 Fanø;6720;Fanø;https://dawa.aws.dk/adresser/0a3f50b9-723b-32b8-e044-0003ba298018;0a3f50b9-723b-32b8-e044-0003ba298018
Tærø 1, 4772 Langebæk;4772;Langebæk;https://dawa.aws.dk/adresser/0a3f50af-beaf-32b8-e044-0003ba298018;0a3f50af-beaf-32b8-e044-0003ba298018
Zachariasvænget 2, Hjallese, 5260 Odense S;5260;Odense S;https://dawa.aws.dk/adgangsadresser/0a3f5089-ee14-32b8-e044-0003ba298018;0a3f5089-ee14-32b8-e044-0003ba298018
Sæddervej 1, 4682 Tureby;4682;Tureby;https://dawa.aws.dk/adgangsadresser/0a3f5081-aeb8-32b8-e044-0003ba298018;0a3f5081-aeb8-32b8-e044-0003ba298018
Lien 5, Tved, 6000 Kolding;6000;Kolding;https://dawa.aws.dk/adgangsadresser/0a3f5090-3fca-32b8-e044-0003ba298018;0a3f5090-3fca-32b8-e044-0003ba298018
Balran 1, Allinge, 3770 Allinge;3770;Allinge;https://dawa.aws.dk/adgangsadresser/0a3f5087-5446-32b8-e044-0003ba298018;0a3f5087-5446-32b8-e044-0003ba298018
Idyl 10, Tved, 6000 Kolding;6000;Kolding;https://dawa.aws.dk/adresser/0a3f50bc-0bad-32b8-e044-0003ba298018;0a3f50bc-0bad-32b8-e044-0003ba298018
Pi 1, Søften, 8382 Hinnerup;8382;Hinnerup;https://dawa.aws.dk/adgangsadresser/0a3f5093-e5e5-32b8-e044-0003ba298018;0a3f5093-e5e5-32b8-e044-0003ba298018
Tæbyvej 2A, 2610 Rødovre;2610;Rødovre;https://dawa.aws.dk/adgangsadresser/0a3f507d-9933-32b8-e044-0003ba298018;0a3f507d-9933-32b8-e044-0003ba298018
Wais 1, Stubbæk, 6200 Aabenraa;6200;Aabenraa;https://dawa.aws.dk/adgangsadresser/0a3f508c-fbff-32b8-e044-0003ba298018;0a3f508c-fbff-32b8-e044-0003ba298018
Maitoft 1, Vester Sottrup, 6400 Sønderborg;6400;Sønderborg;https://dawa.aws.dk/adgangsadresser/0a3f508c-4f4c-32b8-e044-0003ba298018;0a3f508c-4f4c-32b8-e044-0003ba298018
Novo Alle 1, 2880 Bagsværd;2880;Bagsværd;https://dawa.aws.dk/adresser/53bd3c9a-eebf-4572-a711-6575e942333c;53bd3c9a-eebf-4572-a711-6575e942333c
Ojbakvej 1, Vorupør, 7700 Thisted;7700;Thisted;https://dawa.aws.dk/adgangsadresser/0a3f5098-9268-32b8-e044-0003ba298018;0a3f5098-9268-32b8-e044-0003ba298018
Civagårdsvej 1, 9330 Dronninglund;9330;Dronninglund;https://dawa.aws.dk/adgangsadresser/0a3f5099-62fc-32b8-e044-0003ba298018;0a3f5099-62fc-32b8-e044-0003ba298018
Obbehusvej 2, Vollerup, 6392 Bolderslev;6392;Bolderslev;https://dawa.aws.dk/adgangsadresser/0a3f508c-9993-32b8-e044-0003ba298018;0a3f508c-9993-32b8-e044-0003ba298018
Rue 3, 5900 Rudkøbing;5900;Rudkøbing;https://dawa.aws.dk/adgangsadresser/0a3f508a-349d-32b8-e044-0003ba298018;0a3f508a-349d-32b8-e044-0003ba298018
Fuchsiastien 1, 3460 Birkerød;3460;Birkerød;https://dawa.aws.dk/adgangsadresser/4a82ef1a-4caa-4729-924b-0af40cd5f089;4a82ef1a-4caa-4729-924b-0af40cd5f089
Rågø 1, 4913 Horslunde;4913;Horslunde;https://dawa.aws.dk/adgangsadresser/0a3f5086-7b5c-32b8-e044-0003ba298018;0a3f5086-7b5c-32b8-e044-0003ba298018
M Kabels Vej 3, Lønstrup, 9800 Hjørring;9800;Hjørring;https://dawa.aws.dk/adgangsadresser/0a3f509a-8652-32b8-e044-0003ba298018;0a3f509a-8652-32b8-e044-0003ba298018
Råghøj 6, Rakkeby, 7960 Karby;7960;Karby;https://dawa.aws.dk/adgangsadresser/0a3f5097-ca39-32b8-e044-0003ba298018;0a3f5097-ca39-32b8-e044-0003ba298018
Æbelholt 1, 3400 Hillerød;3400;Hillerød;https://dawa.aws.dk/adgangsadresser/0a3f5080-22ea-32b8-e044-0003ba298018;0a3f5080-22ea-32b8-e044-0003ba298018
Siø 2, Siø, 5900 Rudkøbing;5900;Rudkøbing;https://dawa.aws.dk/adgangsadresser/0a3f508a-cfd7-32b8-e044-0003ba298018;0a3f508a-cfd7-32b8-e044-0003ba298018
Åkæret 1, 6971 Spjald;6971;Spjald;https://dawa.aws.dk/adgangsadresser/0a3f5092-ec06-32b8-e044-0003ba298018;0a3f5092-ec06-32b8-e044-0003ba298018
Tærø 1, 4772 Langebæk;4772;Langebæk;https://dawa.aws.dk/adresser/0a3f50af-beaf-32b8-e044-0003ba298018;0a3f50af-beaf-32b8-e044-0003ba298018
Vietoften 3, Trørød, 2950 Vedbæk;2950;Vedbæk;https://dawa.aws.dk/adresser/0a3f50a7-015d-32b8-e044-0003ba298018;0a3f50a7-015d-32b8-e044-0003ba298018
Vigø 1, 5642 Millinge;5642;Millinge;https://dawa.aws.dk/adresser/0a3f50b2-bf6a-32b8-e044-0003ba298018;0a3f50b2-bf6a-32b8-e044-0003ba298018
Jacobsvej 3, Kaldred, 4593 Eskebjerg;4593;Eskebjerg;https://dawa.aws.dk/adgangsadresser/0a3f5082-7f89-32b8-e044-0003ba298018;0a3f5082-7f89-32b8-e044-0003ba298018
Lien 5, Tved, 6000 Kolding;6000;Kolding;https://dawa.aws.dk/adgangsadresser/0a3f5090-3fca-32b8-e044-0003ba298018;0a3f5090-3fca-32b8-e044-0003ba298018
H.C.Vej 4, Venslev, 4050 Skibby;4050;Skibby;https://dawa.aws.dk/adgangsadresser/0a3f5080-9f92-32b8-e044-0003ba298018;0a3f5080-9f92-32b8-e044-0003ba298018
Vejlø 1, 4900 Nakskov;4900;Nakskov;https://dawa.aws.dk/adgangsadresser/0a3f5086-7f10-32b8-e044-0003ba298018;0a3f5086-7f10-32b8-e044-0003ba298018
Sutskoen 1, 6893 Hemmet;6893;Hemmet;https://dawa.aws.dk/adgangsadresser/0a3f5091-31c5-32b8-e044-0003ba298018;0a3f5091-31c5-32b8-e044-0003ba298018
Foet 2, Stolbro, 6430 Nordborg;6430;Nordborg;https://dawa.aws.dk/adresser/0a3f50b7-1187-32b8-e044-0003ba298018;0a3f50b7-1187-32b8-e044-0003ba298018
Tærø 1, 4772 Langebæk;4772;Langebæk;https://dawa.aws.dk/adresser/0a3f50af-beaf-32b8-e044-0003ba298018;0a3f50af-beaf-32b8-e044-0003ba298018
Hvælvingen 1, 4581 Rørvig;4581;Rørvig;https://dawa.aws.dk/adgangsadresser/0a3f5083-d551-32b8-e044-0003ba298018;0a3f5083-d551-32b8-e044-0003ba298018
Borgvej 1, Asp, 7600 Struer;7600;Struer;https://dawa.aws.dk/adresser/0a3f50be-cd25-32b8-e044-0003ba298018;0a3f50be-cd25-32b8-e044-0003ba298018
Cypres Alle 1, 2770 Kastrup;2770;Kastrup;https://dawa.aws.dk/adgangsadresser/0a3f507d-e5d9-32b8-e044-0003ba298018;0a3f507d-e5d9-32b8-e044-0003ba298018
Lebølvej 1, Holballe, 6470 Sydals;6470;Sydals;https://dawa.aws.dk/adgangsadresser/0a3f508c-59f3-32b8-e044-0003ba298018;0a3f508c-59f3-32b8-e044-0003ba298018
Aahaven 10, 7400 Herning;7400;Herning;https://dawa.aws.dk/adresser/1371f60a-a4ab-4570-b957-e8eec4900a97;1371f60a-a4ab-4570-b957-e8eec4900a97
Sædinge By 1, 4970 Rødby;4970;Rødby;https://dawa.aws.dk/adgangsadresser/0a3f5086-a0b3-32b8-e044-0003ba298018;0a3f5086-a0b3-32b8-e044-0003ba298018
Agdrupvej 2, 9700 Brønderslev;9700;Brønderslev;https://dawa.aws.dk/adgangsadresser/36174b57-4cc2-467c-b0db-2d88cd83483a;36174b57-4cc2-467c-b0db-2d88cd83483a
Dæmpegårdsvej 1A, Kirkelte, 3450 Allerød;3450;Allerød;https://dawa.aws.dk/adgangsadresser/0a3f5080-86a0-32b8-e044-0003ba298018;0a3f5080-86a0-32b8-e044-0003ba298018
Øen 60, Marbæk, 6710 Esbjerg V;6710;Esbjerg V;https://dawa.aws.dk/adresser/255f16fe-b9e4-4427-a13b-8176c68c506f;255f16fe-b9e4-4427-a13b-8176c68c506f
Pøl 10, 6470 Sydals;6470;Sydals;https://dawa.aws.dk/adresser/77164f54-b553-42d6-a9cc-b70def4691d8;77164f54-b553-42d6-a9cc-b70def4691d8
Rågø 1, 4913 Horslunde;4913;Horslunde;https://dawa.aws.dk/adgangsadresser/0a3f5086-7b5c-32b8-e044-0003ba298018;0a3f5086-7b5c-32b8-e044-0003ba298018
Kile 7, 5471 Søndersø;5471;Søndersø;https://dawa.aws.dk/adgangsadresser/0a3f508a-ac0f-32b8-e044-0003ba298018;0a3f508a-ac0f-32b8-e044-0003ba298018
Carl Blochs Alle 5, st. tv, 2860 Søborg;2860;Søborg;https://dawa.aws.dk/adresser/0a3f50a4-394e-32b8-e044-0003ba298018;0a3f50a4-394e-32b8-e044-0003ba298018
Sahara 1, Sorthat-Muleby, 3700 Rønne;3700;Rønne;https://dawa.aws.dk/adgangsadresser/0a3f5087-95d8-32b8-e044-0003ba298018;0a3f5087-95d8-32b8-e044-0003ba298018
Obbehusvej 2, Vollerup, 6392 Bolderslev;6392;Bolderslev;https://dawa.aws.dk/adgangsadresser/0a3f508c-9993-32b8-e044-0003ba298018;0a3f508c-9993-32b8-e044-0003ba298018
Udgården 2, Lading, 8471 Sabro;8471;Sabro;https://dawa.aws.dk/adgangsadresser/0a3f5093-d739-32b8-e044-0003ba298018;0a3f5093-d739-32b8-e044-0003ba298018
Fafnersgade 1, 2200 København N;2200;København N;https://dawa.aws.dk/adgangsadresser/0a3f507a-6a9f-32b8-e044-0003ba298018;0a3f507a-6a9f-32b8-e044-0003ba298018
Granvej 10, Rågeleje, 3210 Vejby;3210;Vejby;https://dawa.aws.dk/adresser/0a3f50a8-bb1d-32b8-e044-0003ba298018;0a3f50a8-bb1d-32b8-e044-0003ba298018
Øbrovej 1, Assentorp, 4295 Stenlille;4295;Stenlille;https://dawa.aws.dk/adgangsadresser/0a3f5084-9c6e-32b8-e044-0003ba298018;0a3f5084-9c6e-32b8-e044-0003ba298018
Victoriagade 1, 5000 Odense C;5000;Odense C;https://dawa.aws.dk/adgangsadresser/0a3f5089-e57c-32b8-e044-0003ba298018;0a3f5089-e57c-32b8-e044-0003ba298018
Dårbakvej 1, 9740 Jerslev J;9740;Jerslev J;https://dawa.aws.dk/adgangsadresser/9b7dc575-c6ce-48a2-8352-9cbf0c4b3854;9b7dc575-c6ce-48a2-8352-9cbf0c4b3854
Jarlsvej 10, 3650 Ølstykke;3650;Ølstykke;https://dawa.aws.dk/adresser/0a3f50aa-b945-32b8-e044-0003ba298018;0a3f50aa-b945-32b8-e044-0003ba298018
Pebbelparken 1, Stjær, 8464 Galten;8464;Galten;https://dawa.aws.dk/adgangsadresser/0a3f5093-6e27-32b8-e044-0003ba298018;0a3f5093-6e27-32b8-e044-0003ba298018
Takshaven 1, 3450 Allerød;3450;Allerød;https://dawa.aws.dk/adgangsadresser/0a3f507e-5f1c-32b8-e044-0003ba298018;0a3f507e-5f1c-32b8-e044-0003ba298018
Pi 1, Søften, 8382 Hinnerup;8382;Hinnerup;https://dawa.aws.dk/adgangsadresser/0a3f5093-e5e5-32b8-e044-0003ba298018;0a3f5093-e5e5-32b8-e044-0003ba298018
Dådyrvænget 3, 5400 Bogense;5400;Bogense;https://dawa.aws.dk/adgangsadresser/0a3f5087-d3fd-32b8-e044-0003ba298018;0a3f5087-d3fd-32b8-e044-0003ba298018
Siø 2, Siø, 5900 Rudkøbing;5900;Rudkøbing;https://dawa.aws.dk/adgangsadresser/0a3f508a-cfd7-32b8-e044-0003ba298018;0a3f508a-cfd7-32b8-e044-0003ba298018
Alfa 1, 6893 Hemmet;6893;Hemmet;https://dawa.aws.dk/adgangsadresser/0a3f5091-2fa7-32b8-e044-0003ba298018;0a3f5091-2fa7-32b8-e044-0003ba298018
Bæk Bygade 5, Bæk, 6500 Vojens;6500;Vojens;https://dawa.aws.dk/adgangsadresser/0a3f508c-bac1-32b8-e044-0003ba298018;0a3f508c-bac1-32b8-e044-0003ba298018
Impalavej 1, Ejby, 4623 Lille Skensved;4623;Lille Skensved;https://dawa.aws.dk/adgangsadresser/0a3f5082-2f10-32b8-e044-0003ba298018;0a3f5082-2f10-32b8-e044-0003ba298018
Niærvej 6, Haurum, 8450 Hammel;8450;Hammel;https://dawa.aws.dk/adgangsadresser/0a3f5093-d10b-32b8-e044-0003ba298018;0a3f5093-d10b-32b8-e044-0003ba298018
Vålse Vesterskovvej 1A, Vålse, 4840 Nørre Alslev;4840;Nørre Alslev;https://dawa.aws.dk/adgangsadresser/0a3f5086-6030-32b8-e044-0003ba298018;0a3f5086-6030-32b8-e044-0003ba298018
Tved 100, 6270 Tønder;6270;Tønder;https://dawa.aws.dk/adresser/bd50aa23-0e6a-4fcf-9043-d12a3b281901;bd50aa23-0e6a-4fcf-9043-d12a3b281901
Ryet 2, Helnæs, 5631 Ebberup;5631;Ebberup;https://dawa.aws.dk/adgangsadresser/0a3f5087-ca97-32b8-e044-0003ba298018;0a3f5087-ca97-32b8-e044-0003ba298018
Olgasvej 1, 2970 Hørsholm;2970;Hørsholm;https://dawa.aws.dk/adgangsadresser/0a3f5080-519b-32b8-e044-0003ba298018;0a3f5080-519b-32b8-e044-0003ba298018
Kølle Alle 5, 4894 Øster Ulslev;4894;Øster Ulslev;https://dawa.aws.dk/adgangsadresser/0a3f5085-efdf-32b8-e044-0003ba298018;0a3f5085-efdf-32b8-e044-0003ba298018
Ørby Gade 5, Ørby, 3200 Helsinge;3200;Helsinge;https://dawa.aws.dk/adgangsadresser/0a3f507f-9282-32b8-e044-0003ba298018;0a3f507f-9282-32b8-e044-0003ba298018
Siø 2, Siø, 5900 Rudkøbing;5900;Rudkøbing;https://dawa.aws.dk/adgangsadresser/0a3f508a-cfd7-32b8-e044-0003ba298018;0a3f508a-cfd7-32b8-e044-0003ba298018
Rebæk Alle 1, 2650 Hvidovre;2650;Hvidovre;https://dawa.aws.dk/adgangsadresser/0a3f507c-dc05-32b8-e044-0003ba298018;0a3f507c-dc05-32b8-e044-0003ba298018
Ålykke 1, 9000 Aalborg;9000;Aalborg;https://dawa.aws.dk/adgangsadresser/5ba710e3-e5a8-5980-e044-0003ba298018;5ba710e3-e5a8-5980-e044-0003ba298018
Frøkær 2, Ganløse, 3660 Stenløse;3660;Stenløse;https://dawa.aws.dk/adgangsadresser/0a3f5080-ce63-32b8-e044-0003ba298018;0a3f5080-ce63-32b8-e044-0003ba298018
Uldalsvej 1, 9400 Nørresundby;9400;Nørresundby;https://dawa.aws.dk/adgangsadresser/0a3f509c-d734-32b8-e044-0003ba298018;0a3f509c-d734-32b8-e044-0003ba298018
Pladehals Allé 1, 2450 København SV;2450;København SV;https://dawa.aws.dk/adgangsadresser/2ffd3ca6-0b11-41c4-b3b6-35c41b8649ea;2ffd3ca6-0b11-41c4-b3b6-35c41b8649ea
Vægten 1, 3650 Ølstykke;3650;Ølstykke;https://dawa.aws.dk/adgangsadresser/0a3f5080-f96c-32b8-e044-0003ba298018;0a3f5080-f96c-32b8-e044-0003ba298018
Wais 1, Stubbæk, 6200 Aabenraa;6200;Aabenraa;https://dawa.aws.dk/adgangsadresser/0a3f508c-fbff-32b8-e044-0003ba298018;0a3f508c-fbff-32b8-e044-0003ba298018
Flægmosevej 1, Svanninge, 5600 Faaborg;5600;Faaborg;https://dawa.aws.dk/adgangsadresser/0a3f5088-1a4c-32b8-e044-0003ba298018;0a3f5088-1a4c-32b8-e044-0003ba298018
Asbo 4, As, 7130 Juelsminde;7130;Juelsminde;https://dawa.aws.dk/adgangsadresser/0a3f508f-e684-32b8-e044-0003ba298018;0a3f508f-e684-32b8-e044-0003ba298018
Afskæringen 1, Højerup, 4660 Store Heddinge;4660;Store Heddinge;https://dawa.aws.dk/adgangsadresser/0a3f5086-c3cb-32b8-e044-0003ba298018;0a3f5086-c3cb-32b8-e044-0003ba298018
Rue 3, 5900 Rudkøbing;5900;Rudkøbing;https://dawa.aws.dk/adgangsadresser/0a3f508a-349d-32b8-e044-0003ba298018;0a3f508a-349d-32b8-e044-0003ba298018
Ærøvej 1, 4200 Slagelse;4200;Slagelse;https://dawa.aws.dk/adgangsadresser/0a3f5084-74e0-32b8-e044-0003ba298018;0a3f5084-74e0-32b8-e044-0003ba298018
Eddagården 1, 2200 København N;2200;København N;https://dawa.aws.dk/adgangsadresser/0a3f507a-6078-32b8-e044-0003ba298018;0a3f507a-6078-32b8-e044-0003ba298018
Urlevvej 1, Bråskov, 8783 Hornsyld;8783;Hornsyld;https://dawa.aws.dk/adgangsadresser/0a3f5090-096c-32b8-e044-0003ba298018;0a3f5090-096c-32b8-e044-0003ba298018
Siø 2, Siø, 5900 Rudkøbing;5900;Rudkøbing;https://dawa.aws.dk/adgangsadresser/0a3f508a-cfd7-32b8-e044-0003ba298018;0a3f508a-cfd7-32b8-e044-0003ba298018
Hækken 3, Næsby Strand, 4200 Slagelse;4200;Slagelse;https://dawa.aws.dk/adgangsadresser/0a3f5084-4faf-32b8-e044-0003ba298018;0a3f5084-4faf-32b8-e044-0003ba298018
Abelonelunden 1, 5500 Middelfart;5500;Middelfart;https://dawa.aws.dk/adresser/3856ac91-d8d9-4acf-aacc-f505abc3c6b8;3856ac91-d8d9-4acf-aacc-f505abc3c6b8
Rs Hansensvej 1, 4520 Svinninge;4520;Svinninge;https://dawa.aws.dk/adgangsadresser/0a3f5084-a0a5-32b8-e044-0003ba298018;0a3f5084-a0a5-32b8-e044-0003ba298018
Aaspe 1, 6261 Bredebro;6261;Bredebro;https://dawa.aws.dk/adgangsadresser/0a3f508b-3e1c-32b8-e044-0003ba298018;0a3f508b-3e1c-32b8-e044-0003ba298018
Zarpegårdsvej 1, 4671 Strøby;4671;Strøby;https://dawa.aws.dk/adgangsadresser/0a3f5082-7412-32b8-e044-0003ba298018;0a3f5082-7412-32b8-e044-0003ba298018
Oenshøj 1, 8700 Horsens;8700;Horsens;https://dawa.aws.dk/adgangsadresser/11db2423-4b34-5796-e044-0003ba298018;11db2423-4b34-5796-e044-0003ba298018
Vasen 1, Lendemarke, 4780 Stege;4780;Stege;https://dawa.aws.dk/adgangsadresser/0a3f5085-a1bc-32b8-e044-0003ba298018;0a3f5085-a1bc-32b8-e044-0003ba298018
Æ-Drøwt 1, Vridsted, 7800 Skive;7800;Skive;https://dawa.aws.dk/adgangsadresser/0a3f5097-5dcb-32b8-e044-0003ba298018;0a3f5097-5dcb-32b8-e044-0003ba298018
Jægeralle 3, 3600 Frederikssund;3600;Frederikssund;https://dawa.aws.dk/adgangsadresser/0a3f507e-ccec-32b8-e044-0003ba298018;0a3f507e-ccec-32b8-e044-0003ba298018
H.C.Vej 4, Venslev, 4050 Skibby;4050;Skibby;https://dawa.aws.dk/adgangsadresser/0a3f5080-9f92-32b8-e044-0003ba298018;0a3f5080-9f92-32b8-e044-0003ba298018
Rågø 1, 4913 Horslunde;4913;Horslunde;https://dawa.aws.dk/adgangsadresser/0a3f5086-7b5c-32b8-e044-0003ba298018;0a3f5086-7b5c-32b8-e044-0003ba298018
Zahlesvej 1, 4100 Ringsted;4100;Ringsted;https://dawa.aws.dk/adgangsadresser/a26cca75-1dab-42cb-bcca-5be6d4afaf3b;a26cca75-1dab-42cb-bcca-5be6d4afaf3b
Ceylonvej 1, 2300 København S;2300;København S;https://dawa.aws.dk/adgangsadresser/0a3f507a-579a-32b8-e044-0003ba298018;0a3f507a-579a-32b8-e044-0003ba298018
Gymosevej 4T, 6100 Haderslev;6100;Haderslev;https://dawa.aws.dk/adgangsadresser/196ea1c9-875e-4866-9b7a-832c9483edd4;196ea1c9-875e-4866-9b7a-832c9483edd4
Tærø 1, 4772 Langebæk;4772;Langebæk;https://dawa.aws.dk/adresser/0a3f50af-beaf-32b8-e044-0003ba298018;0a3f50af-beaf-32b8-e044-0003ba298018
P-Vej 2, 2300 København S;2300;København S;https://dawa.aws.dk/adgangsadresser/0a3f507a-ddfb-32b8-e044-0003ba298018;0a3f507a-ddfb-32b8-e044-0003ba298018
Maitoft 1, Vester Sottrup, 6400 Sønderborg;6400;Sønderborg;https://dawa.aws.dk/adgangsadresser/0a3f508c-4f4c-32b8-e044-0003ba298018;0a3f508c-4f4c-32b8-e044-0003ba298018
Søen 3, 2690 Karlslunde;2690;Karlslunde;https://dawa.aws.dk/adgangsadresser/0a3f5081-4b48-32b8-e044-0003ba298018;0a3f5081-4b48-32b8-e044-0003ba298018
Gnaverhaven 1, 4873 Væggerløse;4873;Væggerløse;https://dawa.aws.dk/adgangsadresser/0a3f5087-067d-32b8-e044-0003ba298018;0a3f5087-067d-32b8-e044-0003ba298018
Aarø 2, 6100 Haderslev;6100;Haderslev;https://dawa.aws.dk/adgangsadresser/0a3f508b-820c-32b8-e044-0003ba298018;0a3f508b-820c-32b8-e044-0003ba298018
Forten 1, Lisbjerg, 8200 Aarhus N;8200;Aarhus N;https://dawa.aws.dk/adgangsadresser/0a3f5096-2524-32b8-e044-0003ba298018;0a3f5096-2524-32b8-e044-0003ba298018
Mjøn 1, Skovby, 8464 Galten;8464;Galten;https://dawa.aws.dk/adgangsadresser/0a3f5093-6cab-32b8-e044-0003ba298018;0a3f5093-6cab-32b8-e044-0003ba298018
Malhøj 1, Sindbjerg, 7970 Redsted M;7970;Redsted M;https://dawa.aws.dk/adgangsadresser/0a3f5097-bf94-32b8-e044-0003ba298018;0a3f5097-bf94-32b8-e044-0003ba298018
Bymøllevænget 1, 5610 Assens;5610;Assens;https://dawa.aws.dk/adgangsadresser/0a3f5087-bd68-32b8-e044-0003ba298018;0a3f5087-bd68-32b8-e044-0003ba298018
Ebbedal 7, 3300 Frederiksværk;3300;Frederiksværk;https://dawa.aws.dk/adgangsadresser/0a3f507e-e7b5-32b8-e044-0003ba298018;0a3f507e-e7b5-32b8-e044-0003ba298018
Lakolk 10, Lakolk, 6792 Rømø;6792;Rømø;https://dawa.aws.dk/adresser/0a3f50b7-6d91-32b8-e044-0003ba298018;0a3f50b7-6d91-32b8-e044-0003ba298018
Åbølvej 5, Burkal Mark, 6372 Bylderup-Bov;6372;Bylderup-Bov;https://dawa.aws.dk/adgangsadresser/0a3f508c-a1b9-32b8-e044-0003ba298018;0a3f508c-a1b9-32b8-e044-0003ba298018
Minørvej 1, 1439 København K;1439;København K;https://dawa.aws.dk/adgangsadresser/5ddb979d-c13b-40d3-e044-0003ba298018;5ddb979d-c13b-40d3-e044-0003ba298018
Bøgen 2, Svogerslev, 4000 Roskilde;4000;Roskilde;https://dawa.aws.dk/adgangsadresser/0a3f5081-e116-32b8-e044-0003ba298018;0a3f5081-e116-32b8-e044-0003ba298018
Jydby 4, 5450 Otterup;5450;Otterup;https://dawa.aws.dk/adgangsadresser/0a3f508a-01d3-32b8-e044-0003ba298018;0a3f508a-01d3-32b8-e044-0003ba298018
Eegsvej 2, Agtrup, 6091 Bjert;6091;Bjert;https://dawa.aws.dk/adgangsadresser/22729a66-9082-44d0-e044-0003ba298018;22729a66-9082-44d0-e044-0003ba298018
Såderupvej 1, 5540 Ullerslev;5540;Ullerslev;https://dawa.aws.dk/adgangsadresser/0a3f508a-db9b-32b8-e044-0003ba298018;0a3f508a-db9b-32b8-e044-0003ba298018
Sigbakken 1, Lyngså, 9300 Sæby;9300;Sæby;https://dawa.aws.dk/adgangsadresser/0a3f509b-ef57-32b8-e044-0003ba298018;0a3f509b-ef57-32b8-e044-0003ba298018
Uggeløse Skovvej 1, 3540 Lynge;3540;Lynge;https://dawa.aws.dk/adgangsadresser/0a3f507e-60a0-32b8-e044-0003ba298018;0a3f507e-60a0-32b8-e044-0003ba298018
Rue 3, 5900 Rudkøbing;5900;Rudkøbing;https://dawa.aws.dk/adgangsadresser/0a3f508a-349d-32b8-e044-0003ba298018;0a3f508a-349d-32b8-e044-0003ba298018
Christian 10 Gade;;;https://dawa.aws.dk/vejnavne/Christian%2010%20Gade;
Egen 3, Svogerslev, 4000 Roskilde;4000;Roskilde;https://dawa.aws.dk/adgangsadresser/0a3f5081-e514-32b8-e044-0003ba298018;0a3f5081-e514-32b8-e044-0003ba298018
Thaarupsvej 1, 9970 Strandby;9970;Strandby;https://dawa.aws.dk/adgangsadresser/0a3f5099-e969-32b8-e044-0003ba298018;0a3f5099-e969-32b8-e044-0003ba298018
H C Gads Vej 3, 9300 Sæby;9300;Sæby;https://dawa.aws.dk/adgangsadresser/0a3f509b-de3c-32b8-e044-0003ba298018;0a3f509b-de3c-32b8-e044-0003ba298018
H C Gads Vej 2, 9300 Sæby;9300;Sæby;https://dawa.aws.dk/adgangsadresser/0a3f509b-de3b-32b8-e044-0003ba298018;0a3f509b-de3b-32b8-e044-0003ba298018
Åblik 4, As, 7130 Juelsminde;7130;Juelsminde;https://dawa.aws.dk/adresser/7686c94a-1cbc-07bb-e044-00144f3ead67;7686c94a-1cbc-07bb-e044-00144f3ead67
Mårhøj 2, 8751 Gedved;8751;Gedved;https://dawa.aws.dk/adgangsadresser/0a3f508f-4190-32b8-e044-0003ba298018;0a3f508f-4190-32b8-e044-0003ba298018
Egehøj 1, Jordhøj, 3550 Slangerup;3550;Slangerup;https://dawa.aws.dk/adgangsadresser/0a3f5080-bb3d-32b8-e044-0003ba298018;0a3f5080-bb3d-32b8-e044-0003ba298018
Vådager 1, 4070 Kirke Hyllinge;4070;Kirke Hyllinge;https://dawa.aws.dk/adgangsadresser/4ca54b0f-2f37-0052-e044-0003ba298018;4ca54b0f-2f37-0052-e044-0003ba298018
Zeta 1, Søften, 8382 Hinnerup;8382;Hinnerup;https://dawa.aws.dk/adresser/3cb0a0c6-39c8-0e4a-e044-0003ba298018;3cb0a0c6-39c8-0e4a-e044-0003ba298018
Egedal 1, 8700 Horsens;8700;Horsens;https://dawa.aws.dk/adgangsadresser/45afd574-ee04-4cb7-adcc-a584dae3ea50;45afd574-ee04-4cb7-adcc-a584dae3ea50
Wais 1, Stubbæk, 6200 Aabenraa;6200;Aabenraa;https://dawa.aws.dk/adgangsadresser/0a3f508c-fbff-32b8-e044-0003ba298018;0a3f508c-fbff-32b8-e044-0003ba298018
Tærø 1, 4772 Langebæk;4772;Langebæk;https://dawa.aws.dk/adresser/0a3f50af-beaf-32b8-e044-0003ba298018;0a3f50af-beaf-32b8-e044-0003ba298018
Mælkevej 3, 4220 Korsør;4220;Korsør;https://dawa.aws.dk/adgangsadresser/7096f618-64a7-5ed1-e044-00144f3ead67;7096f618-64a7-5ed1-e044-00144f3ead67
Æ-Drøwt 1, Vridsted, 7800 Skive;7800;Skive;https://dawa.aws.dk/adgangsadresser/0a3f5097-5dcb-32b8-e044-0003ba298018;0a3f5097-5dcb-32b8-e044-0003ba298018
M-Vej 2, 2300 København S;2300;København S;https://dawa.aws.dk/adgangsadresser/0a3f507a-c63d-32b8-e044-0003ba298018;0a3f507a-c63d-32b8-e044-0003ba298018
Egen 4, Svogerslev, 4000 Roskilde;4000;Roskilde;https://dawa.aws.dk/adgangsadresser/0a3f5081-e515-32b8-e044-0003ba298018;0a3f5081-e515-32b8-e044-0003ba298018
Raden 1, Råbylille, 4780 Stege;4780;Stege;https://dawa.aws.dk/adgangsadresser/0a3f5085-96c4-32b8-e044-0003ba298018;0a3f5085-96c4-32b8-e044-0003ba298018
Tidløsvej 1, 4873 Væggerløse;4873;Væggerløse;https://dawa.aws.dk/adgangsadresser/0a3f5087-1ea4-32b8-e044-0003ba298018;0a3f5087-1ea4-32b8-e044-0003ba298018
Dævidsrødvej 1A, Dævidsrød, 4200 Slagelse;4200;Slagelse;https://dawa.aws.dk/adgangsadresser/0a3f5084-4393-32b8-e044-0003ba298018;0a3f5084-4393-32b8-e044-0003ba298018
Egehaven 1, 8520 Lystrup;8520;Lystrup;https://dawa.aws.dk/adgangsadresser/0a3f5096-0eac-32b8-e044-0003ba298018;0a3f5096-0eac-32b8-e044-0003ba298018
Ohmannsvej 1B, 3360 Liseleje;3360;Liseleje;https://dawa.aws.dk/adgangsadresser/0a3f507f-0483-32b8-e044-0003ba298018;0a3f507f-0483-32b8-e044-0003ba298018
Sybergsvej 3, 5220 Odense SØ;5220;Odense SØ;https://dawa.aws.dk/adgangsadresser/0a3f5089-cccd-32b8-e044-0003ba298018;0a3f5089-cccd-32b8-e044-0003ba298018
Landbæk 2, Øsløs, 7742 Vesløs;7742;Vesløs;https://dawa.aws.dk/adgangsadresser/0a3f5098-88c3-32b8-e044-0003ba298018;0a3f5098-88c3-32b8-e044-0003ba298018
Oehlenschlægersgade 1, 1663 København V;1663;København V;https://dawa.aws.dk/adgangsadresser/0a3f507a-d307-32b8-e044-0003ba298018;0a3f507a-d307-32b8-e044-0003ba298018
Aulbjergvej 1, Kingstrup, 5591 Gelsted;5591;Gelsted;https://dawa.aws.dk/adgangsadresser/0a3f5087-fdfd-32b8-e044-0003ba298018;0a3f5087-fdfd-32b8-e044-0003ba298018
Olof Palmes Allé 10, 8200 Aarhus N;8200;Aarhus N;https://dawa.aws.dk/adgangsadresser/0a3f5096-ac95-32b8-e044-0003ba298018;0a3f5096-ac95-32b8-e044-0003ba298018
Padholm 2, 6440 Augustenborg;6440;Augustenborg;https://dawa.aws.dk/adgangsadresser/0a3f508b-2477-32b8-e044-0003ba298018;0a3f508b-2477-32b8-e044-0003ba298018
Naurvej 1, Undløse, 4340 Tølløse;4340;Tølløse;https://dawa.aws.dk/adgangsadresser/0a3f5083-752e-32b8-e044-0003ba298018;0a3f5083-752e-32b8-e044-0003ba298018
Majorvej 2, 8930 Randers NØ;8930;Randers NØ;https://dawa.aws.dk/adgangsadresser/0a3f5094-bdb5-32b8-e044-0003ba298018;0a3f5094-bdb5-32b8-e044-0003ba298018
Granvej 10, Rågeleje, 3210 Vejby;3210;Vejby;https://dawa.aws.dk/adresser/0a3f50a8-bb1d-32b8-e044-0003ba298018;0a3f50a8-bb1d-32b8-e044-0003ba298018
Lånhusvejen 1, Krogen, 9500 Hobro;9500;Hobro;https://dawa.aws.dk/adgangsadresser/0a3f5099-1b8e-32b8-e044-0003ba298018;0a3f5099-1b8e-32b8-e044-0003ba298018
Damly 1, 9830 Tårs;9830;Tårs;https://dawa.aws.dk/adgangsadresser/0a3f509a-6776-32b8-e044-0003ba298018;0a3f509a-6776-32b8-e044-0003ba298018
Dams-Åsen 3, Rågeleje, 3210 Vejby;3210;Vejby;https://dawa.aws.dk/adgangsadresser/0a3f507f-23a5-32b8-e044-0003ba298018;0a3f507f-23a5-32b8-e044-0003ba298018
Vibækvej 3, Endrup, 6740 Bramming;6740;Bramming;https://dawa.aws.dk/adgangsadresser/0a3f508d-599b-32b8-e044-0003ba298018;0a3f508d-599b-32b8-e044-0003ba298018
Jakobsvej 1, Høll, 7080 Børkop;7080;Børkop;https://dawa.aws.dk/adgangsadresser/0a3f508e-c552-32b8-e044-0003ba298018;0a3f508e-c552-32b8-e044-0003ba298018
Rågø 1, 4913 Horslunde;4913;Horslunde;https://dawa.aws.dk/adgangsadresser/0a3f5086-7b5c-32b8-e044-0003ba298018;0a3f5086-7b5c-32b8-e044-0003ba298018
Vigø 1, 5642 Millinge;5642;Millinge;https://dawa.aws.dk/adresser/0a3f50b2-bf6a-32b8-e044-0003ba298018;0a3f50b2-bf6a-32b8-e044-0003ba298018
Fisken 1, 7100 Vejle;7100;Vejle;https://dawa.aws.dk/adgangsadresser/f1368388-cd83-4fe7-a1a0-e9903e9fc513;f1368388-cd83-4fe7-a1a0-e9903e9fc513
Rågø 1, 4913 Horslunde;4913;Horslunde;https://dawa.aws.dk/adgangsadresser/0a3f5086-7b5c-32b8-e044-0003ba298018;0a3f5086-7b5c-32b8-e044-0003ba298018
Wølundsvej 1B, 9492 Blokhus;9492;Blokhus;https://dawa.aws.dk/adgangsadresser/0a3f509b-550d-32b8-e044-0003ba298018;0a3f509b-550d-32b8-e044-0003ba298018
Nydam 1, Kliplev, 6200 Aabenraa;6200;Aabenraa;https://dawa.aws.dk/adgangsadresser/0a3f508b-c5bf-32b8-e044-0003ba298018;0a3f508b-c5bf-32b8-e044-0003ba298018
Rumæniensgade 1, 2300 København S;2300;København S;https://dawa.aws.dk/adgangsadresser/0a3f507a-e675-32b8-e044-0003ba298018;0a3f507a-e675-32b8-e044-0003ba298018
Slap-a-vej 2, 3600 Frederikssund;3600;Frederikssund;https://dawa.aws.dk/adgangsadresser/84510c0a-96a5-4319-a231-e1706008cce4;84510c0a-96a5-4319-a231-e1706008cce4
Naurvej 1, Undløse, 4340 Tølløse;4340;Tølløse;https://dawa.aws.dk/adgangsadresser/0a3f5083-752e-32b8-e044-0003ba298018;0a3f5083-752e-32b8-e044-0003ba298018
Fælled Alle 1, Ramsing, 7860 Spøttrup;7860;Spøttrup;https://dawa.aws.dk/adgangsadresser/0a3f5098-2e66-32b8-e044-0003ba298018;0a3f5098-2e66-32b8-e044-0003ba298018
